1392495280.59, 15:14 on Feb 15 201441.1, 91, 29.78, 39, 0.00
1392495304.06, 15:15 on Feb 15 201441.1, 91, 29.78, 39, 0.00
1392495377.97, 15:16 on Feb 15 201441.1, 91, 29.78, 39, 0.00
1392758302.1, 16:18 on Feb 18 201464.9, 22, 30.14, 25, 0.00
1392758781.67, 16:26 on Feb 18 201464.9, 22, 30.14, 25, 0.00
1392760650.28, 16:57 on Feb 18 201464.9, 22, 30.13, 25, 0.00
1392764246.22, 17:57 on Feb 18 201464.9, 22, 30.15, 25, 0.00
1392767846.09, 18:57 on Feb 18 201453.8, 42, 30.14, 31, Error getting percipitaion.
1392771446.68, 19:57 on Feb 18 201446.6, 39, 30.14, 23, 0.00
1392781547.39, 22:45 on Feb 18 201443.4, 67, 30.13, 33, Error getting percipitaion.
1392814115.81, 07:48 on Feb 19 201451.7, 97, 29.97, 51, 0.00
1392817715.19, 08:48 on Feb 19 201453.3, 97, 29.99, 52, 0.00
1392821314.7, 09:48 on Feb 19 201453.8, 97, 29.98, 53, 0.13
1392824914.48, 10:48 on Feb 19 201455.7, 98, 29.96, 55, 0.00
1392828514.34, 11:48 on Feb 19 201460.0, 93, 29.97, 58, 0.00
1392832114.17, 12:48 on Feb 19 201464.1, 87, 29.94, 60, 0.00
1392835713.8, 13:48 on Feb 19 201468.3, 77, 29.90, 61, 0.00
1392839313.6, 14:48 on Feb 19 201469.5, 72, 29.91, 60, 0.00
1392842913.31, 15:48 on Feb 19 201470.9, 66, 29.89, 59, 0.00
1392846517.73, 16:48 on Feb 19 201471.2, 60, 29.90, 57, 0.00
1392850114.03, 17:48 on Feb 19 201468.1, 66, 29.92, 56, 0.00
1392853713.78, 18:48 on Feb 19 201464.4, 74, 29.94, 56, 0.00
1392857313.47, 19:48 on Feb 19 201464.4, 74, 29.98, 56, 0.00
1392860913.09, 20:48 on Feb 19 201464.4, 74, 30.00, 56, 0.00
1392899168.18, 07:26 on Feb 20 201447.9, 86, 30.17, 44, 0.00
1392902767.33, 08:26 on Feb 20 201447.9, 86, 30.19, 44, 0.00
1392906369.67, 09:26 on Feb 20 201447.9, 86, 30.21, 44, 0.00
1392909971.81, 10:26 on Feb 20 201447.9, 86, 30.20, 44, 0.00
1392913568.11, 11:26 on Feb 20 201447.9, 86, 30.19, 44, 0.00
1392917168.6, 12:26 on Feb 20 201447.9, 86, 30.16, 44, 0.00
1392920768.22, 13:26 on Feb 20 201463.9, 52, 30.11, 46, Error getting percipitaion.
1392924367.9, 14:26 on Feb 20 201466.2, 57, 30.07, 50, Error getting percipitaion.
1392927967.63, 15:26 on Feb 20 201469.3, 56, 30.06, 53, Error getting percipitaion.
1392931568.92, 16:26 on Feb 20 201470.8, 58, 30.04, 55, Error getting percipitaion.
1392935168.36, 17:26 on Feb 20 201471.5, 60, 30.03, 57, Error getting percipitaion.
1392938768.27, 18:26 on Feb 20 201468.9, 67, 30.03, 57, Error getting percipitaion.
1392942368.39, 19:26 on Feb 20 201465.7, 74, 30.03, 57, Error getting percipitaion.
1392945968.42, 20:26 on Feb 20 201463.2, 79, 30.02, 57, Error getting percipitaion.
1392984194.19, 07:03 on Feb 21 201466.0, 86, 29.88, 62, 0.00
1392987794.28, 08:03 on Feb 21 201466.7, 86, 29.88, 62, 0.00
1392991394.22, 09:03 on Feb 21 201467.7, 85, 29.89, 63, 0.00
1392994994.21, 10:03 on Feb 21 201469.7, 81, 29.85, 64, 0.00
1392998594.15, 11:03 on Feb 21 201459.8, 93, 29.84, 58, 0.15
1393002193.99, 12:03 on Feb 21 201459.0, 95, 29.86, 58, 0.00
1393005793.85, 13:03 on Feb 21 201459.3, 96, 29.82, 58, 0.00
1393009393.79, 14:03 on Feb 21 201462.8, 92, 29.81, 60, 0.00
1393012994.62, 15:03 on Feb 21 201456.1, 86, 29.82, 52, 0.00
1393016593.89, 16:03 on Feb 21 201457.9, 76, 29.85, 50, 0.00
1393020193.91, 17:03 on Feb 21 201457.3, 74, 29.87, 49, 0.00
1393023793.8, 18:03 on Feb 21 201455.3, 78, 29.91, 49, 0.00
1393027394.49, 19:03 on Feb 21 201450.9, 87, 29.95, 47, 0.00
1393030993.57, 20:03 on Feb 21 201449.2, 84, 29.97, 45, 0.00
1393034593.78, 21:03 on Feb 21 201447.7, 87, 29.97, 44, 0.00
1393072689.96, 07:38 on Feb 22 201438.1, 90, 30.14, 35, 0.00
1393076290.19, 08:38 on Feb 22 201441.0, 90, 30.17, 38, 0.00
1393079889.99, 09:38 on Feb 22 201453.8, 51, 30.19, 36, 0.00
1393083489.9, 10:38 on Feb 22 201455.5, 47, 30.21, 36, 0.00
1393087090.16, 11:38 on Feb 22 201457.1, 37, 30.19, 31, 0.00
1393090690.3, 12:38 on Feb 22 201459.2, 25, 30.18, 23, 0.00
1393094289.77, 13:38 on Feb 22 201462.5, 29, 30.16, 30, 0.00
1393097895.9, 14:38 on Feb 22 201463.9, 28, 30.13, 30, 0.00
1393101490.07, 15:38 on Feb 22 201464.9, 25, 30.11, 28, 0.00
1393105090.06, 16:38 on Feb 22 201463.6, 27, 30.10, 29, 0.00
1393108689.86, 17:38 on Feb 22 201460.0, 30, 30.10, 28, 0.00
1393112289.86, 18:38 on Feb 22 201455.4, 40, 30.11, 32, 0.00
1393115889.68, 19:38 on Feb 22 201452.2, 45, 30.12, 32, 0.00
1393119489.4, 20:38 on Feb 22 201450.8, 47, 30.13, 31, 0.00
1393151912.05, 05:38 on Feb 23 201435.0, 91, 30.08, 33, Error getting percipitaion.
1393155511.88, 06:38 on Feb 23 201435.5, 92, 30.09, 33, Error getting percipitaion.
1393159112.94, 07:38 on Feb 23 201436.1, 92, 30.09, 34, Error getting percipitaion.
1393162710.98, 08:38 on Feb 23 201439.5, 90, 30.10, 37, Error getting percipitaion.
1393166310.55, 09:38 on Feb 23 201450.0, 68, 30.10, 40, Error getting percipitaion.
1393169910.25, 10:38 on Feb 23 201457.7, 53, 30.09, 40, Error getting percipitaion.
1393173510.03, 11:38 on Feb 23 201461.7, 50, 30.06, 43, Error getting percipitaion.
1393177109.5, 12:38 on Feb 23 201462.7, 46, 30.03, 41, Error getting percipitaion.
1393180709.22, 13:38 on Feb 23 201465.7, 42, 30.02, 42, Error getting percipitaion.
1393184310.26, 14:38 on Feb 23 201467.2, 36, 29.98, 39, Error getting percipitaion.
1393187910.12, 15:38 on Feb 23 201467.9, 35, 29.95, 39, Error getting percipitaion.
1393191509.78, 16:38 on Feb 23 201467.1, 34, 29.94, 38, Error getting percipitaion.
1393195109.33, 17:38 on Feb 23 201464.9, 40, 29.92, 40, Error getting percipitaion.
1393198712.53, 18:38 on Feb 23 201462.1, 45, 29.92, 40, Error getting percipitaion.
1393202308.82, 19:38 on Feb 23 201460.0, 49, 29.91, 41, Error getting percipitaion.
1393205908.37, 20:38 on Feb 23 201457.9, 55, 29.91, 42, Error getting percipitaion.
1393245177.95, 07:32 on Feb 24 201444.2, 70, 30.01, 35, 0.00
1393248777.9, 08:32 on Feb 24 201449.8, 57, 30.05, 35, 0.00
1393252377.42, 09:32 on Feb 24 201451.7, 51, 30.06, 34, 0.00
1393255977.47, 10:32 on Feb 24 201454.6, 43, 30.09, 33, 0.00
1393259577.06, 11:32 on Feb 24 201455.1, 29, 30.08, 23, 0.00
1393263176.94, 12:32 on Feb 24 201456.9, 28, 30.08, 24, 0.00
1393266776.65, 13:32 on Feb 24 201458.7, 29, 30.04, 26, 0.00
1393270376.22, 14:32 on Feb 24 201459.5, 28, 30.03, 26, 0.00
1393273975.84, 15:32 on Feb 24 201460.8, 23, 30.02, 23, 0.00
1393277576.99, 16:32 on Feb 24 201458.9, 23, 30.04, 21, 0.00
1393281176.77, 17:32 on Feb 24 201455.9, 24, 30.05, 20, 0.00
1393284776.56, 18:32 on Feb 24 201453.1, 26, 30.07, 19, 0.00
1393288376.17, 19:32 on Feb 24 201450.2, 29, 30.10, 19, 0.00
1393291975.86, 20:32 on Feb 24 201446.1, 35, 30.11, 20, 0.00
1393319573.9, 04:12 on Feb 25 201432.3, 73, 30.07, 25, 0.00
1393323173.02, 05:12 on Feb 25 201431.0, 73, 30.07, 23, 0.00
1393326774.31, 06:12 on Feb 25 201430.1, 76, 30.08, 24, 0.00
1393330374.78, 07:12 on Feb 25 201430.4, 79, 30.09, 25, 0.00
1393333974.76, 08:12 on Feb 25 201435.5, 57, 30.08, 22, 0.00
1393337574.87, 09:12 on Feb 25 201438.8, 47, 30.06, 20, 0.00
1393341175.11, 10:12 on Feb 25 201441.5, 50, 30.05, 24, 0.00
1393344775.16, 11:12 on Feb 25 201444.3, 47, 30.04, 25, 0.00
1393348373.91, 12:12 on Feb 25 201448.9, 35, 30.04, 22, 0.00
1393351974.16, 13:12 on Feb 25 201450.9, 32, 30.00, 22, 0.00
1393355574.22, 14:12 on Feb 25 201452.5, 34, 29.98, 25, 0.00
1393359174.44, 15:12 on Feb 25 201451.7, 35, 29.96, 25, 0.00
1393362774.49, 16:12 on Feb 25 201449.5, 31, 29.97, 20, 0.00
1393366374.63, 17:12 on Feb 25 201448.5, 32, 29.98, 20, 0.00
1393369974.89, 18:12 on Feb 25 201444.9, 36, 29.98, 20, 0.00
1393373575.06, 19:12 on Feb 25 201441.3, 47, 29.99, 23, 0.00
1393377175.04, 20:12 on Feb 25 201439.0, 53, 29.99, 23, 0.00
1393380775.43, 21:12 on Feb 25 201437.9, 53, 29.99, 22, 0.00
1393388890.17, 23:28 on Feb 25 201434.8, 62, 30.01, 23, 0.00
1393392489.99, 00:28 on Feb 26 201433.9, 66, 29.99, 24, 0.00
1393396089.92, 01:28 on Feb 26 201435.9, 58, 29.98, 23, 0.00
1393399689.76, 02:28 on Feb 26 201436.1, 56, 29.96, 22, 0.00
1393403289.87, 03:28 on Feb 26 201436.5, 57, 29.94, 23, 0.00
1393406889.68, 04:28 on Feb 26 201436.3, 57, 29.92, 22, 0.00
1393410489.52, 05:28 on Feb 26 201436.0, 60, 29.92, 24, 0.00
1393414089.65, 06:28 on Feb 26 201435.6, 65, 29.92, 25, 0.00
1393417689.54, 07:28 on Feb 26 201435.5, 68, 29.94, 26, 0.00
1393421289.3, 08:28 on Feb 26 201436.2, 70, 29.95, 27, 0.00
1393424889.29, 09:28 on Feb 26 201438.0, 68, 29.97, 28, 0.00
1393428489.27, 10:28 on Feb 26 201439.4, 66, 29.96, 29, 0.00
1393432089.19, 11:28 on Feb 26 201441.2, 57, 29.94, 27, 0.00
1393435689.07, 12:28 on Feb 26 201441.7, 51, 29.91, 25, 0.00
1393439289.05, 13:28 on Feb 26 201444.4, 44, 29.88, 24, 0.00
1393442889.08, 14:28 on Feb 26 201447.2, 41, 29.84, 25, 0.00
1393446488.84, 15:28 on Feb 26 201449.8, 38, 29.81, 25, 0.00
1393450088.91, 16:28 on Feb 26 201447.8, 37, 29.79, 23, 0.00
1393453688.76, 17:28 on Feb 26 201445.7, 41, 29.79, 23, 0.00
1393457288.58, 18:28 on Feb 26 201442.1, 46, 29.80, 23, 0.00
1393460888.57, 19:28 on Feb 26 201439.6, 52, 29.81, 23, 0.00
1393464488.52, 20:28 on Feb 26 201437.7, 54, 29.83, 23, 0.00
1393503762.08, 07:22 on Feb 27 201424.8, 70, 29.84, 16, 0.00
1393507362.02, 08:22 on Feb 27 201425.0, 70, 29.86, 17, 0.00
1393510961.57, 09:22 on Feb 27 201433.9, 52, 29.87, 18, Error getting percipitaion.
1393514560.44, 10:22 on Feb 27 201442.7, 38, 29.85, 19, 0.00
1393518160.31, 11:22 on Feb 27 201447.2, 38, 29.84, 23, 0.00
1393521759.85, 12:22 on Feb 27 201450.2, 32, 29.81, 22, 0.00
1393525359.57, 13:22 on Feb 27 201451.7, 28, 29.78, 20, 0.00
1393528959.33, 14:22 on Feb 27 201453.8, 23, 29.76, 17, 0.00
1393532558.88, 15:22 on Feb 27 201454.7, 21, 29.76, 16, 0.00
1393536158.6, 16:22 on Feb 27 201453.7, 19, 29.77, 12, 0.00
1393539759.88, 17:22 on Feb 27 201451.1, 19, 29.79, 10, 0.00
1393543359.6, 18:22 on Feb 27 201447.6, 24, 29.82, 13, 0.00
1393546959.21, 19:22 on Feb 27 201443.6, 27, 29.85, 12, 0.00
1393550559.29, 20:22 on Feb 27 201443.0, 22, 29.88, 7, 0.00
1393588930.15, 07:02 on Feb 28 201426.8, 55, 30.22, 13, 0.00
1393592529.75, 08:02 on Feb 28 201427.2, 56, 30.26, 14, 0.00
1393596129.53, 09:02 on Feb 28 201430.6, 52, 30.30, 15, 0.00
1393599729.53, 10:02 on Feb 28 201432.4, 49, 30.31, 15, 0.00
1393603329.4, 11:02 on Feb 28 201435.5, 44, 30.33, 16, 0.00
1393606929.01, 12:02 on Feb 28 201438.1, 41, 30.34, 16, 0.00
1393610528.82, 13:02 on Feb 28 201441.2, 38, 30.31, 18, 0.00
1393614128.38, 14:02 on Feb 28 201442.3, 35, 30.27, 17, 0.00
1393617728.17, 15:02 on Feb 28 201444.6, 32, 30.26, 17, 0.00
1393621327.88, 16:02 on Feb 28 201444.8, 30, 30.25, 15, 0.00
1393624927.64, 17:02 on Feb 28 201442.4, 31, 30.26, 14, 0.00
1393628528.68, 18:02 on Feb 28 201440.0, 35, 30.27, 15, 0.00
1393632128.3, 19:02 on Feb 28 201437.7, 39, 30.29, 15, 0.00
1393635728.08, 20:02 on Feb 28 201436.6, 40, 30.30, 15, 0.00
1393639327.84, 21:02 on Feb 28 201435.1, 42, 30.29, 14, 0.00
1393676498.55, 07:21 on Mar 01 201429.3, 54, 30.33, 15, 0.00
1393680098.25, 08:21 on Mar 01 201430.8, 53, 30.35, 16, 0.00
1393683698.01, 09:21 on Mar 01 201434.0, 54, 30.37, 19, 0.00
1393687297.2, 10:21 on Mar 01 201437.7, 53, 30.37, 22, 0.00
1393690896.9, 11:21 on Mar 01 201441.7, 53, 30.37, 26, 0.00
1393694496.48, 12:21 on Mar 01 201444.9, 54, 30.37, 29, 0.00
1393698096.13, 13:21 on Mar 01 201448.4, 48, 30.32, 30, 0.00
1393701695.52, 14:21 on Mar 01 201452.8, 49, 30.27, 34, 0.00
1393705295.19, 15:21 on Mar 01 201455.3, 46, 30.25, 35, 0.00
1393708896.95, 16:21 on Mar 01 201455.9, 43, 30.24, 34, 0.00
1393712494.88, 17:21 on Mar 01 201453.2, 48, 30.24, 34, 0.00
1393716094.2, 18:21 on Mar 01 201450.3, 53, 30.23, 34, 0.00
1393719693.75, 19:21 on Mar 01 201447.5, 60, 30.24, 34, 0.00
1393723293.42, 20:21 on Mar 01 201443.6, 70, 30.25, 34, 0.00
1393726892.98, 21:21 on Mar 01 201443.7, 70, 30.25, 35, 0.00
1393730492.58, 22:21 on Mar 01 201441.6, 75, 30.25, 34, 0.00
1393734092.31, 23:21 on Mar 01 201439.6, 79, 30.25, 34, 0.00
1393737691.9, 00:21 on Mar 02 201438.5, 83, 30.24, 34, 0.00
1393741292.23, 01:21 on Mar 02 201437.7, 85, 30.24, 34, 0.00
1393744891.28, 02:21 on Mar 02 201437.1, 86, 30.23, 33, 0.00
1393748491.22, 03:21 on Mar 02 201435.7, 88, 30.19, 32, 0.00
1393752090.62, 04:21 on Mar 02 201434.6, 90, 30.19, 32, 0.00
1393755690.26, 05:21 on Mar 02 201434.5, 92, 30.18, 32, 0.00
1393759289.59, 06:21 on Mar 02 201434.0, 93, 30.20, 32, 0.00
1393762889.38, 07:21 on Mar 02 201434.2, 95, 30.22, 33, 0.00
1393766488.98, 08:21 on Mar 02 201442.2, 84, 30.22, 38, 0.00
1393770088.5, 09:21 on Mar 02 201450.7, 69, 30.22, 41, 0.00
1393773688.21, 10:21 on Mar 02 201457.7, 57, 30.19, 43, 0.00
1393777287.79, 11:21 on Mar 02 201462.9, 52, 30.13, 45, 0.00
1393780887.54, 12:21 on Mar 02 201467.1, 45, 30.10, 45, 0.00
1393784488.89, 13:21 on Mar 02 201469.6, 42, 30.06, 46, 0.00
1393788086.88, 14:21 on Mar 02 201470.9, 39, 30.02, 45, 0.00
1393791686.23, 15:21 on Mar 02 201472.6, 39, 30.01, 46, 0.00
1393795285.88, 16:21 on Mar 02 201470.8, 41, 29.99, 46, 0.00
1393798885.58, 17:21 on Mar 02 201468.6, 45, 29.99, 46, 0.00
1393802485.43, 18:21 on Mar 02 201465.7, 50, 29.98, 46, 0.00
1393806084.91, 19:21 on Mar 02 201463.8, 53, 29.96, 46, 0.00
1393809684.95, 20:21 on Mar 02 201462.7, 55, 29.95, 46, 0.00
1393849172.25, 07:19 on Mar 03 201448.8, 78, 29.86, 42, 0.00
1393852768.75, 08:19 on Mar 03 201443.3, 89, 29.89, 40, 0.00
1393856368.41, 09:19 on Mar 03 201440.7, 91, 29.92, 38, 0.13
1393859969.44, 10:19 on Mar 03 201439.1, 94, 29.95, 38, 0.25
1393863568.13, 11:19 on Mar 03 201436.6, 94, 29.97, 35, 0.05
1393867167.71, 12:19 on Mar 03 201435.1, 94, 30.02, 34, 0.00
1393870767.63, 13:19 on Mar 03 201431.6, 91, 30.02, 29, 0.00
1393874367.61, 14:19 on Mar 03 201430.0, 90, 30.04, 27, 0.00
1393877967.55, 15:19 on Mar 03 201428.9, 92, 30.07, 27, 0.00
1393881566.56, 16:19 on Mar 03 201427.5, 92, 30.10, 26, 0.00
1393885165.8, 17:19 on Mar 03 201425.9, 92, 30.14, 24, 0.00
1393888767.21, 18:19 on Mar 03 201425.0, 90, 30.16, 22, 0.00
1393892367.36, 19:19 on Mar 03 201424.0, 91, 30.19, 22, 0.00
1393895966.55, 20:19 on Mar 03 201423.1, 89, 30.24, 20, 0.00
1393899573.79, 21:19 on Mar 03 201422.7, 90, 30.26, 20, 0.00
1393907552.02, 23:32 on Mar 03 201419.8, 81, 30.30, 15, 0.00
1393911151.78, 00:32 on Mar 04 201418.9, 80, 30.30, 14, 0.00
1393914752.09, 01:32 on Mar 04 201418.2, 74, 30.30, 11, 0.00
1393918352.01, 02:32 on Mar 04 201417.3, 76, 30.30, 11, 0.00
1393921951.93, 03:32 on Mar 04 201416.2, 78, 30.31, 11, 0.00
1393925551.7, 04:32 on Mar 04 201415.4, 80, 30.30, 10, 0.00
1393929152.3, 05:32 on Mar 04 201415.2, 78, 30.31, 10, 0.00
1393932751.79, 06:32 on Mar 04 201414.6, 78, 30.33, 9, 0.00
1393936355.94, 07:32 on Mar 04 201415.4, 77, 30.34, 10, 0.00
1393939951.56, 08:32 on Mar 04 201419.7, 70, 30.36, 12, 0.00
1393943559.29, 09:32 on Mar 04 201424.0, 64, 30.37, 14, 0.00
1393947151.4, 10:32 on Mar 04 201427.4, 54, 30.35, 13, 0.00
1393950750.61, 11:32 on Mar 04 201431.5, 51, 30.35, 16, 0.00
1393954350.5, 12:32 on Mar 04 201433.8, 44, 30.32, 14, 0.00
1393957951.27, 13:32 on Mar 04 201435.8, 45, 30.29, 17, 0.00
1393961551.34, 14:32 on Mar 04 201436.5, 41, 30.26, 15, 0.00
1393965152.21, 15:32 on Mar 04 201437.6, 43, 30.25, 17, 0.00
1393968750.93, 16:32 on Mar 04 201437.2, 40, 30.24, 15, 0.00
1393972350.84, 17:32 on Mar 04 201434.9, 46, 30.23, 16, 0.00
1393975950.74, 18:32 on Mar 04 201432.7, 48, 30.24, 15, 0.00
1393979551.17, 19:32 on Mar 04 201432.1, 49, 30.25, 15, 0.00
1393983150.42, 20:32 on Mar 04 201431.3, 50, 30.27, 15, 0.00
1394021270.76, 07:07 on Mar 05 201429.0, 61, 30.22, 17, 0.00
1394024870.12, 08:07 on Mar 05 201429.9, 57, 30.22, 16, 0.00
1394028469.82, 09:07 on Mar 05 201434.3, 46, 30.22, 16, 0.00
1394032069.85, 10:07 on Mar 05 201437.1, 41, 30.22, 16, 0.00
1394035669.18, 11:07 on Mar 05 201440.9, 39, 30.21, 18, 0.00
1394039269.13, 12:07 on Mar 05 201444.0, 38, 30.21, 20, 0.00
1394042869.13, 13:07 on Mar 05 201443.7, 40, 30.19, 21, 0.00
1394046469.68, 14:07 on Mar 05 201444.0, 40, 30.15, 21, 0.00
1394050069.45, 15:07 on Mar 05 201442.7, 40, 30.14, 20, 0.00
1394053668.9, 16:07 on Mar 05 201443.5, 41, 30.15, 21, 0.00
1394057268.67, 17:07 on Mar 05 201442.2, 42, 30.17, 21, 0.00
1394060869.4, 18:07 on Mar 05 201439.6, 47, 30.21, 21, 0.00
1394064468.96, 19:07 on Mar 05 201435.9, 53, 30.21, 20, 0.00
1394068068.81, 20:07 on Mar 05 201434.9, 56, 30.23, 21, 0.00
1394071668.92, 21:07 on Mar 05 201431.7, 68, 30.25, 22, 0.00
1394104456.68, 06:14 on Mar 06 201430.4, 63, 30.34, 19, 0.00
1394108056.44, 07:14 on Mar 06 201430.7, 67, 30.37, 21, 0.00
1394111656.04, 08:14 on Mar 06 201432.7, 63, 30.38, 22, 0.00
1394115255.25, 09:14 on Mar 06 201435.9, 58, 30.39, 23, 0.00
1394118854.93, 10:14 on Mar 06 201439.2, 52, 30.37, 23, 0.00
1394122455.1, 11:14 on Mar 06 201440.4, 50, 30.35, 23, 0.00
1394126054.82, 12:14 on Mar 06 201440.8, 51, 30.35, 24, 0.00
1394129655.05, 13:14 on Mar 06 201440.9, 55, 30.31, 26, 0.00
1394133254.43, 14:14 on Mar 06 201440.7, 59, 30.30, 28, 0.00
1394136854.42, 15:14 on Mar 06 201439.5, 62, 30.26, 28, 0.00
1394140454.29, 16:14 on Mar 06 201438.3, 65, 30.26, 28, 0.00
1394144056.39, 17:14 on Mar 06 201434.4, 84, 30.26, 30, 0.00
1394147656.06, 18:14 on Mar 06 201433.4, 91, 30.27, 31, 0.07
1394151255.02, 19:14 on Mar 06 201432.7, 93, 30.24, 31, 0.08
1394154854.46, 20:14 on Mar 06 201432.3, 94, 30.22, 31, 0.08
1394164926.43, 23:02 on Mar 06 201431.9, 95, 30.17, 31, 0.08
1394195925.45, 07:38 on Mar 07 201432.4, 96, 29.96, 31, 0.13
1394199618.26, 08:40 on Mar 07 201432.5, 96, 29.98, 32, 0.07
1394203217.73, 09:40 on Mar 07 201432.6, 96, 29.98, 32, 0.16
1394206817.8, 10:40 on Mar 07 201433.0, 96, 29.98, 32, 0.17
1394210417.62, 11:40 on Mar 07 201433.4, 96, 29.97, 32, 0.15
1394214017.55, 12:40 on Mar 07 201433.7, 96, 29.95, 33, 0.15
1394217617.42, 13:40 on Mar 07 201434.1, 96, 29.92, 33, 0.22
1394221217.76, 14:40 on Mar 07 201434.7, 96, 29.90, 34, 0.26
1394224817.52, 15:40 on Mar 07 201434.9, 96, 29.88, 34, 0.12
1394228417.48, 16:40 on Mar 07 201435.2, 96, 29.89, 34, 0.05
1394232020.9, 17:40 on Mar 07 201435.3, 95, 29.90, 34, 0.00
1394235617.72, 18:40 on Mar 07 201434.8, 95, 29.92, 34, 0.00
1394239217.32, 19:40 on Mar 07 201434.2, 96, 29.92, 33, 0.00
1394242817.39, 20:40 on Mar 07 201433.9, 97, 29.92, 33, 0.00
1394280739.03, 07:12 on Mar 08 201429.8, 98, 30.04, 29, 0.00
1394284338.68, 08:12 on Mar 08 201433.7, 98, 30.07, 33, 0.00
1394287941.84, 09:12 on Mar 08 201443.8, 85, 30.08, 40, 0.00
1394291537.12, 10:12 on Mar 08 201449.7, 77, 30.08, 43, 0.00
1394295138.15, 11:12 on Mar 08 201456.7, 68, 30.08, 46, 0.00
1394298736.51, 12:12 on Mar 08 201462.7, 57, 30.05, 47, 0.00
1394302336.19, 13:12 on Mar 08 201465.7, 49, 30.02, 46, 0.00
1394305935.62, 14:12 on Mar 08 201467.5, 47, 29.99, 46, 0.00
1394310371.39, 15:26 on Mar 08 201468.6, 41, 29.97, 44, 0.00
1394313970.8, 16:26 on Mar 08 201468.2, 40, 29.96, 43, 0.00
1394317572.21, 17:26 on Mar 08 201465.2, 43, 29.96, 42, 0.00
1394321172.42, 18:26 on Mar 08 201461.9, 48, 29.97, 42, 0.00
1394324772.89, 19:26 on Mar 08 201457.8, 57, 29.99, 43, 0.00
1394328372.96, 20:26 on Mar 08 201455.4, 62, 30.01, 43, 0.00
1394339038.33, 23:23 on Mar 08 201448.8, 79, 29.98, 43, 0.00
1394400037.69, 17:20 on Mar 09 201466.3, 35, 30.02, 38, 0.00
1394404632.53, 18:37 on Mar 09 201461.6, 40, 30.02, 37, 0.00
1394452824.08, 08:00 on Mar 10 201435.5, 94, 29.97, 34, 0.00
1394456423.89, 09:00 on Mar 10 201441.5, 86, 29.98, 38, 0.00
1394460022.64, 10:00 on Mar 10 201456.7, 49, 29.98, 38, 0.00
1394463623.01, 11:00 on Mar 10 201462.5, 37, 29.97, 36, 0.00
1394467223.29, 12:00 on Mar 10 201466.8, 25, 29.95, 30, 0.00
1394470823.57, 13:00 on Mar 10 201469.6, 22, 29.93, 29, 0.00
1394474423.93, 14:00 on Mar 10 201471.3, 21, 29.90, 29, 0.00
1394478024.09, 15:00 on Mar 10 201473.1, 20, 29.85, 30, 0.00
1394481624.44, 16:00 on Mar 10 201474.0, 19, 29.81, 29, 0.00
1394485224.87, 17:00 on Mar 10 201475.0, 20, 29.81, 31, 0.00
1394488824.96, 18:00 on Mar 10 201470.1, 23, 29.81, 31, 0.00
1394492425.43, 19:00 on Mar 10 201467.1, 27, 29.81, 32, 0.00
1394496026.32, 20:00 on Mar 10 201462.5, 33, 29.81, 33, 0.00
1394499626.6, 21:00 on Mar 10 201460.4, 37, 29.82, 34, 0.00
1394551674.05, 11:27 on Mar 11 201471.1, 35, 29.81, 42, 0.00
1394555273.49, 12:27 on Mar 11 201473.7, 32, 29.80, 42, 0.00
1394558873.39, 13:27 on Mar 11 201477.1, 28, 29.77, 42, 0.00
1394562473.49, 14:27 on Mar 11 201479.1, 25, 29.73, 40, 0.00
1394566073.61, 15:27 on Mar 11 201479.8, 25, 29.69, 41, 0.00
1394569673.0, 16:27 on Mar 11 201479.9, 22, 29.68, 38, 0.00
1394573273.11, 17:27 on Mar 11 201479.0, 23, 29.67, 38, 0.00
1394576874.09, 18:27 on Mar 11 201475.5, 25, 29.67, 37, 0.00
1394580474.31, 19:27 on Mar 11 201470.8, 31, 29.67, 39, 0.00
1394584073.95, 20:27 on Mar 11 201466.6, 38, 29.69, 40, 0.00
1394623103.06, 07:18 on Mar 12 201458.6, 72, 29.57, 50, 0.00
1394626702.89, 08:18 on Mar 12 201459.6, 73, 29.57, 51, 0.00
1394630302.93, 09:18 on Mar 12 201462.2, 72, 29.55, 53, 0.00
1394633902.59, 10:18 on Mar 12 201461.9, 81, 29.54, 56, 0.00
1394637502.72, 11:18 on Mar 12 201467.9, 71, 29.50, 58, 0.00
1394641102.89, 12:18 on Mar 12 201465.6, 74, 29.46, 57, 0.00
1394644703.07, 13:18 on Mar 12 201465.3, 76, 29.44, 58, 0.00
1394648302.38, 14:18 on Mar 12 201463.9, 80, 29.39, 58, 0.00
1394651902.62, 15:18 on Mar 12 201463.7, 81, 29.34, 58, 0.00
1394655502.12, 16:18 on Mar 12 201464.1, 82, 29.31, 58, 0.00
1394660158.03, 17:35 on Mar 12 201465.9, 78, 29.26, 59, 0.00
1394663758.6, 18:35 on Mar 12 201465.5, 83, 29.24, 60, 1.83
1394667357.93, 19:35 on Mar 12 201458.0, 94, 29.32, 56, 0.06
1394670957.73, 20:35 on Mar 12 201455.0, 66, 29.34, 44, 0.00
1394710547.98, 07:35 on Mar 13 201432.8, 54, 29.85, 18, 0.00
1394714147.39, 08:35 on Mar 13 201434.0, 50, 29.89, 17, 0.00
1394717746.85, 09:35 on Mar 13 201436.3, 45, 29.93, 17, 0.00
1394721346.74, 10:35 on Mar 13 201439.2, 40, 29.97, 17, 0.00
1394724946.68, 11:35 on Mar 13 201440.6, 35, 29.99, 15, 0.00
1394728546.77, 12:35 on Mar 13 201440.8, 31, 30.01, 12, 0.00
1394732146.67, 13:35 on Mar 13 201442.8, 27, 30.03, 11, 0.00
1394735748.57, 14:35 on Mar 13 201442.9, 24, 30.04, 9, 0.00
1394739346.15, 15:35 on Mar 13 201445.0, 26, 30.03, 12, 0.00
1394742946.3, 16:35 on Mar 13 201445.2, 23, 30.05, 10, 0.00
1394746547.32, 17:35 on Mar 13 201443.9, 26, 30.06, 11, 0.00
1394750146.25, 18:35 on Mar 13 201441.9, 27, 30.09, 10, 0.00
1394753748.94, 19:35 on Mar 13 201439.7, 30, 30.12, 11, 0.00
1394757346.25, 20:35 on Mar 13 201437.2, 35, 30.14, 12, 0.00
1394780359.2, 02:59 on Mar 14 201428.3, 71, 30.25, 20, 0.00
1394798621.35, 08:03 on Mar 14 201426.5, 85, 30.31, 23, 0.00
1394802221.38, 09:03 on Mar 14 201432.9, 69, 30.33, 24, 0.00
1394805820.92, 10:03 on Mar 14 201442.3, 43, 30.34, 21, 0.00
1394809420.89, 11:03 on Mar 14 201447.6, 30, 30.32, 18, 0.00
1394813020.68, 12:03 on Mar 14 201451.8, 27, 30.31, 19, 0.00
1394816620.55, 13:03 on Mar 14 201455.6, 26, 30.29, 21, 0.00
1394820220.56, 14:03 on Mar 14 201458.7, 22, 30.26, 20, 0.00
1394823820.53, 15:03 on Mar 14 201460.0, 21, 30.23, 20, 0.00
1394827420.48, 16:03 on Mar 14 201460.8, 18, 30.18, 17, 0.00
1394831020.56, 17:03 on Mar 14 201461.6, 19, 30.15, 19, 0.00
1394834620.41, 18:03 on Mar 14 201459.2, 22, 30.12, 20, 0.00
1394838220.54, 19:03 on Mar 14 201456.9, 25, 30.12, 22, 0.00
1394841825.2, 20:03 on Mar 14 201453.2, 30, 30.12, 23, 0.00
1394845420.61, 21:03 on Mar 14 201451.7, 34, 30.12, 24, 0.00
1394884009.61, 07:46 on Mar 15 201445.5, 76, 30.01, 38, 0.00
1394887610.71, 08:46 on Mar 15 201448.5, 68, 30.04, 38, 0.00
1394891209.16, 09:46 on Mar 15 201455.8, 54, 30.04, 39, 0.00
1394894809.03, 10:46 on Mar 15 201461.3, 44, 30.04, 39, 0.00
1394898408.98, 11:46 on Mar 15 201464.6, 39, 30.04, 39, 0.00
1394902008.87, 12:46 on Mar 15 201469.9, 31, 30.04, 38, 0.00
1394905608.69, 13:46 on Mar 15 201470.8, 29, 30.02, 37, 0.00
1394909208.73, 14:46 on Mar 15 201471.9, 28, 29.99, 37, 0.00
1394912808.65, 15:46 on Mar 15 201472.5, 27, 29.97, 37, 0.00
1394916408.77, 16:46 on Mar 15 201473.2, 26, 29.95, 36, 0.00
1394920008.61, 17:46 on Mar 15 201470.5, 29, 29.94, 37, 0.00
1394923608.67, 18:46 on Mar 15 201467.9, 32, 29.95, 37, 0.00
1394927208.5, 19:46 on Mar 15 201462.5, 40, 29.97, 38, 0.00
1394930808.35, 20:46 on Mar 15 201459.9, 43, 29.98, 37, 0.00
1394968525.37, 07:15 on Mar 16 201441.5, 83, 30.02, 37, 0.00
1394972125.66, 08:15 on Mar 16 201444.1, 75, 30.02, 37, 0.00
1394975725.45, 09:15 on Mar 16 201449.1, 57, 30.02, 34, 0.00
1394979324.14, 10:15 on Mar 16 201451.6, 54, 30.02, 36, 0.00
1394982924.0, 11:15 on Mar 16 201454.6, 47, 30.00, 35, 0.00
1394986523.88, 12:15 on Mar 16 201455.3, 46, 30.02, 35, 0.00
1394990124.13, 13:15 on Mar 16 201454.2, 51, 30.04, 36, 0.00
1394993723.75, 14:15 on Mar 16 201451.4, 66, 30.04, 40, 0.00
1394997323.78, 15:15 on Mar 16 201449.1, 76, 29.98, 42, 0.00
1395000923.59, 16:15 on Mar 16 201447.8, 85, 29.94, 44, 0.00
1395004532.46, 17:15 on Mar 16 201445.6, 91, 29.92, 43, 0.05
1395008123.39, 18:15 on Mar 16 201444.5, 93, 29.90, 43, 0.05
1395011724.5, 19:15 on Mar 16 201442.7, 94, 29.88, 41, 0.04
1395015323.44, 20:15 on Mar 16 201440.4, 95, 29.86, 39, 0.00
1395054274.73, 07:04 on Mar 17 201432.2, 96, 29.86, 31, 0.00
1395057846.21, 08:04 on Mar 17 201432.0, 96, 29.89, 31, 0.00
1395061445.02, 09:04 on Mar 17 201432.0, 96, 29.90, 31, 0.00
1395065045.07, 10:04 on Mar 17 201432.1, 96, 29.89, 31, 0.00
1395068644.93, 11:04 on Mar 17 201431.8, 96, 29.92, 31, 0.00
1395072244.94, 12:04 on Mar 17 201432.0, 96, 29.93, 31, 0.00
1395075844.81, 13:04 on Mar 17 201431.9, 96, 29.96, 31, 0.00
1395079444.61, 14:04 on Mar 17 201432.6, 95, 29.91, 31, 0.04
1395083044.6, 15:04 on Mar 17 201432.3, 95, 29.93, 31, 0.00
1395086644.57, 16:04 on Mar 17 201431.7, 95, 29.91, 30, 0.00
1395090245.33, 17:04 on Mar 17 201431.9, 95, 29.91, 31, 0.00
1395093845.6, 18:04 on Mar 17 201431.7, 96, 29.92, 31, 0.00
1395097444.32, 19:04 on Mar 17 201430.9, 95, 29.94, 30, 0.00
1395101045.65, 20:04 on Mar 17 201430.6, 95, 29.94, 29, 0.00
1395104644.19, 21:04 on Mar 17 201430.9, 95, 29.96, 30, 0.00
1395175175.46, 16:39 on Mar 18 201436.2, 96, 30.12, 35, 0.00
1395178775.12, 17:39 on Mar 18 201437.4, 95, 30.11, 36, 0.00
1395182374.54, 18:39 on Mar 18 201437.3, 95, 30.11, 36, 0.00
1395185975.05, 19:39 on Mar 18 201437.0, 96, 30.12, 36, 0.00
1395189575.21, 20:39 on Mar 18 201436.7, 97, 30.13, 36, 0.00
1395228931.76, 07:35 on Mar 19 201434.9, 97, 30.17, 34, 0.00
1395232531.14, 08:35 on Mar 19 201435.4, 97, 30.19, 35, 0.00
1395236131.21, 09:35 on Mar 19 201435.9, 96, 30.16, 35, 0.00
1395239731.55, 10:35 on Mar 19 201438.0, 96, 30.17, 37, 0.00
1395243330.91, 11:35 on Mar 19 201439.4, 95, 30.18, 38, 0.00
1395246930.83, 12:35 on Mar 19 201441.7, 94, 30.16, 40, 0.00
1395250531.34, 13:35 on Mar 19 201443.6, 93, 30.14, 42, 0.00
1395254130.68, 14:35 on Mar 19 201445.1, 92, 30.10, 43, 0.00
1395257730.56, 15:35 on Mar 19 201445.4, 92, 30.05, 43, 0.00
1395261331.07, 16:35 on Mar 19 201448.2, 90, 30.03, 45, 0.00
1395264931.19, 17:35 on Mar 19 201446.7, 92, 30.01, 45, 0.00
1395268530.88, 18:35 on Mar 19 201446.6, 93, 30.01, 45, 0.00
1395272130.79, 19:35 on Mar 19 201446.8, 94, 30.00, 45, 0.00
1395275730.44, 20:35 on Mar 19 201446.6, 93, 30.01, 45, 0.00
1395303745.62, 04:22 on Mar 20 201441.2, 98, 29.94, 41, 0.00
1395307346.52, 05:22 on Mar 20 2014Error getting temperature., 96, 29.94, 40, 0.00
1395310943.81, 06:22 on Mar 20 2014Error getting temperature., 96, 29.95, 40, 0.00
1395314545.3, 07:22 on Mar 20 201441.4, 99, 29.96, 41, 0.00
1395318143.58, 08:22 on Mar 20 201442.0, 99, 29.99, 42, 0.00
1395322822.88, 09:40 on Mar 20 201450.1, 92, 30.00, 48, 0.00
1395326422.51, 10:40 on Mar 20 2014Error getting temperature., 94, 30.02, 45, 0.00
1395330022.59, 11:40 on Mar 20 201461.3, 46, 30.01, 40, 0.00
1395333622.56, 12:40 on Mar 20 201464.2, 37, 30.01, 37, 0.00
1395337222.4, 13:40 on Mar 20 2014Error getting temperature., 38, 30.01, 35, 0.00
1395340822.24, 14:40 on Mar 20 201461.3, 46, 30.01, 40, 0.00
1395344422.31, 15:40 on Mar 20 201466.8, 26, 29.96, 31, 0.00
1395348022.21, 16:40 on Mar 20 201468.1, 23, 29.94, 29, 0.00
1395351622.26, 17:40 on Mar 20 201466.3, 21, 29.94, 25, 0.00
1395355221.97, 18:40 on Mar 20 201463.5, 28, 29.94, 30, 0.00
1395358821.93, 19:40 on Mar 20 201459.0, 35, 29.95, 31, 0.00
1395362421.78, 20:40 on Mar 20 201454.3, 42, 29.98, 32, 0.00
1395401440.05, 07:30 on Mar 21 2014Error getting temperature., 73, 30.13, 26, Error getting percipitaion.
1395405038.37, 08:30 on Mar 21 201437.7, 73, 30.14, 30, 0.00
1395411036.87, 10:10 on Mar 21 201452.2, 51, 30.16, 34, 0.00
1395414636.12, 11:10 on Mar 21 201460.3, 36, 30.16, 33, 0.00
1395418236.81, 12:10 on Mar 21 201464.0, 31, 30.16, 33, 0.00
1395421836.59, 13:10 on Mar 21 201466.0, 28, 30.15, 32, 0.00
1395425436.18, 14:10 on Mar 21 201468.3, 28, 30.11, 34, 0.00
1395429035.87, 15:10 on Mar 21 201466.0, 28, 30.15, 32, 0.00
1395432636.46, 16:10 on Mar 21 201469.9, 25, 30.06, 32, 0.00
1395436236.4, 17:10 on Mar 21 201470.7, 23, 30.05, 31, 0.00
1395439836.16, 18:10 on Mar 21 201467.7, 29, 30.05, 34, 0.00
1395443436.07, 19:10 on Mar 21 201465.5, 27, 30.05, 31, 0.00
1395447035.96, 20:10 on Mar 21 201461.0, 33, 30.06, 32, 0.00
1395485953.26, 06:59 on Mar 22 201446.4, 75, 30.03, 39, 0.00
1395489586.94, 07:59 on Mar 22 201446.7, 78, 30.04, 40, 0.00
1395493187.13, 08:59 on Mar 22 201450.9, 74, 30.04, 43, 0.00
1395496787.12, 09:59 on Mar 22 201459.4, 58, 30.04, 44, 0.00
1395500386.76, 10:59 on Mar 22 201467.3, 40, 30.04, 42, 0.00
1395503986.12, 11:59 on Mar 22 201468.9, 34, 30.01, 39, 0.00
1395514233.92, 14:50 on Mar 22 201474.8, 33, 29.96, 44, 0.00
1395517833.74, 15:50 on Mar 22 201475.5, 29, 29.94, 41, 0.00
1395521433.03, 16:50 on Mar 22 201474.1, 33, 29.93, 43, 0.00
1395525032.98, 17:50 on Mar 22 201473.0, 30, 29.93, 40, 0.00
1395528632.74, 18:50 on Mar 22 201472.0, 34, 29.94, 42, 0.00
1395532233.36, 19:50 on Mar 22 201467.1, 37, 29.93, 40, 0.00
1395535833.19, 20:50 on Mar 22 201462.3, 47, 29.94, 42, 0.00
1395555517.34, 02:18 on Mar 23 201450.8, 77, 29.96, 44, 0.00
1395559117.64, 03:18 on Mar 23 201450.8, 77, 29.96, 44, 0.00
1395562717.51, 04:18 on Mar 23 201446.9, 85, 29.94, 43, 0.00
1395566317.49, 05:18 on Mar 23 201446.5, 84, 29.93, 42, 0.00
1395569917.54, 06:18 on Mar 23 201446.5, 80, 29.94, 41, 0.00
1395573778.69, 07:22 on Mar 23 201447.3, 71, 29.96, 38, 0.00
1395577378.43, 08:22 on Mar 23 201449.5, 63, 29.98, 37, 0.00
1395580978.91, 09:22 on Mar 23 201452.4, 56, 29.99, 37, 0.00
1395584578.45, 10:22 on Mar 23 201454.8, 49, 30.00, 36, 0.00
1395588178.67, 11:22 on Mar 23 201454.8, 48, 30.00, 36, 0.00
1395591778.58, 12:22 on Mar 23 201451.4, 56, 30.00, 36, 0.00
1395595378.52, 13:22 on Mar 23 201445.0, 80, 30.04, 39, 0.02
1395598978.42, 14:22 on Mar 23 201443.6, 88, 30.04, 40, 0.11
1395602578.37, 15:22 on Mar 23 201444.5, 91, 30.01, 42, 0.00
1395606178.28, 16:22 on Mar 23 201442.8, 92, 30.02, 41, 0.00
1395609779.46, 17:22 on Mar 23 201441.5, 92, 30.02, 39, 0.00
1395613377.66, 18:22 on Mar 23 201441.7, 91, 30.03, 39, 0.00
1395616977.44, 19:22 on Mar 23 201441.8, 92, 30.03, 40, 0.00
1395661660.61, 07:47 on Mar 24 201429.6, 83, 30.26, 25, 0.00
1395665258.78, 08:47 on Mar 24 201432.7, 79, 30.28, 27, 0.00
1395668858.24, 09:47 on Mar 24 201436.2, 68, 30.29, 27, 0.00
1395672458.41, 10:47 on Mar 24 201432.7, 79, 30.28, 27, 0.00
1395676058.22, 11:47 on Mar 24 201442.2, 48, 30.30, 24, 0.00
1395679658.33, 12:47 on Mar 24 201440.9, 55, 30.28, 26, 0.00
1395683258.68, 13:47 on Mar 24 201445.9, 42, 30.25, 24, 0.00
1395686857.98, 14:47 on Mar 24 201448.5, 39, 30.21, 25, 0.00
1395690458.06, 15:47 on Mar 24 201450.3, 36, 30.18, 24, 0.00
1395694057.9, 16:47 on Mar 24 201452.2, 32, 30.16, 23, 0.00
1395697657.74, 17:47 on Mar 24 201450.4, 31, 30.14, 21, 0.00
1395701258.54, 18:47 on Mar 24 201448.6, 36, 30.13, 23, 0.00
1395704858.18, 19:47 on Mar 24 201445.4, 42, 30.13, 24, 0.00
1395708458.24, 20:47 on Mar 24 201443.1, 51, 30.12, 26, 0.00
1395717218.97, 23:13 on Mar 24 201439.3, 59, 30.13, 26, 0.00
1395720818.91, 00:13 on Mar 25 201438.6, 58, 30.11, 25, 0.00
1395724418.95, 01:13 on Mar 25 201438.7, 58, 30.09, 25, 0.00
1395728018.71, 02:13 on Mar 25 201438.3, 64, 30.08, 27, 0.00
1395731618.71, 03:13 on Mar 25 201438.8, 64, 30.06, 28, 0.00
1395735218.65, 04:13 on Mar 25 201438.3, 67, 30.02, 28, 0.00
1395738819.23, 05:13 on Mar 25 201437.2, 73, 30.00, 29, 0.00
1395742418.43, 06:13 on Mar 25 201436.9, 76, 29.99, 30, 0.00
1395746019.23, 07:13 on Mar 25 201437.0, 77, 29.98, 30, 0.00
1395749618.51, 08:13 on Mar 25 201438.5, 73, 29.95, 31, 0.00
1395753218.87, 09:13 on Mar 25 201441.8, 66, 29.93, 31, 0.00
1395756818.35, 10:13 on Mar 25 201441.9, 66, 29.97, 31, 0.00
1395760418.5, 11:13 on Mar 25 201444.3, 62, 29.94, 32, 0.00
1395764018.66, 12:13 on Mar 25 201446.7, 55, 29.88, 31, 0.00
1395767619.66, 13:13 on Mar 25 201445.7, 59, 29.85, 32, 0.00
1395771218.17, 14:13 on Mar 25 201442.8, 75, 29.82, 35, 0.00
1395774818.8, 15:13 on Mar 25 201442.0, 80, 29.80, 36, 0.00
1395778418.02, 16:13 on Mar 25 201442.2, 82, 29.78, 37, 0.00
1395782017.61, 17:13 on Mar 25 201440.4, 88, 29.77, 37, 0.00
1395785617.06, 18:13 on Mar 25 201438.5, 90, 29.79, 36, 0.00
1395789217.8, 19:13 on Mar 25 201438.1, 87, 29.81, 35, 0.00
1395792818.03, 20:13 on Mar 25 201437.2, 87, 29.85, 34, 0.00
1395822318.27, 04:25 on Mar 26 201431.3, 72, 30.03, 23, 0.00
1395834781.48, 07:53 on Mar 26 201429.4, 63, 30.12, 18, 0.00
1395838381.46, 08:53 on Mar 26 201432.1, 51, 30.16, 16, 0.00
1395841981.44, 09:53 on Mar 26 201436.3, 43, 30.19, 16, 0.00
1395845580.75, 10:53 on Mar 26 201438.4, 39, 30.21, 16, 0.00
1395849180.79, 11:53 on Mar 26 201440.4, 37, 30.23, 16, 0.00
1395852780.61, 12:53 on Mar 26 201443.1, 34, 30.24, 17, 0.00
1395856381.47, 13:53 on Mar 26 201444.9, 29, 30.23, 15, 0.00
1395859981.89, 14:53 on Mar 26 201445.6, 29, 30.23, 15, 0.00
1395863580.67, 15:53 on Mar 26 201447.2, 30, 30.21, 17, 0.00
1395867180.34, 16:53 on Mar 26 201448.1, 28, 30.21, 17, 0.00
1395870780.36, 17:53 on Mar 26 201448.1, 28, 30.22, 17, 0.00
1395874379.99, 18:52 on Mar 26 201448.1, 28, 30.23, 17, 0.00
1395877980.05, 19:53 on Mar 26 201448.1, 28, 30.24, 17, 0.00
1395881580.11, 20:53 on Mar 26 201438.5, 41, 30.26, 17, 0.00
1395919459.4, 07:24 on Mar 27 201424.3, 82, 30.43, 20, 0.00
1395923059.21, 08:24 on Mar 27 201429.8, 77, 30.44, 23, 0.00
1395926659.16, 09:24 on Mar 27 201435.5, 53, 30.46, 20, 0.00
1395930258.97, 10:24 on Mar 27 201444.8, 33, 30.47, 18, 0.00
1395933858.62, 11:24 on Mar 27 201447.7, 30, 30.48, 18, 0.00
1395937458.26, 12:24 on Mar 27 201451.9, 27, 30.47, 19, 0.00
1395941058.21, 13:24 on Mar 27 201454.8, 25, 30.45, 20, 0.00
1395944658.23, 14:24 on Mar 27 201457.6, 25, 30.42, 22, 0.00
1395948258.05, 15:24 on Mar 27 201458.6, 24, 30.40, 22, 0.00
1395951858.17, 16:24 on Mar 27 201459.3, 23, 30.36, 22, 0.00
1395955458.0, 17:24 on Mar 27 201459.8, 22, 30.34, 21, 0.00
1395959058.05, 18:24 on Mar 27 201458.1, 24, 30.33, 22, 0.00
1395962657.91, 19:24 on Mar 27 201455.5, 28, 30.32, 23, 0.00
1395966257.94, 20:24 on Mar 27 201452.2, 34, 30.31, 25, 0.00
1396005929.21, 07:25 on Mar 28 201445.3, 84, 30.19, 41, 0.00
1396009515.47, 08:25 on Mar 28 201447.3, 83, 30.22, 42, 0.00
1396013114.33, 09:25 on Mar 28 201450.6, 81, 30.23, 45, 0.00
1396016709.12, 10:25 on Mar 28 201454.6, 77, 30.22, 48, 0.00
1396020309.15, 11:25 on Mar 28 201461.3, 70, 30.20, 51, 0.00
1396023908.83, 12:25 on Mar 28 201464.9, 66, 30.19, 53, 0.00
1396027508.69, 13:25 on Mar 28 201467.3, 65, 30.17, 55, 0.00
1396031108.72, 14:25 on Mar 28 201467.6, 64, 30.15, 55, 0.00
1396034708.66, 15:25 on Mar 28 201466.5, 72, 30.14, 57, 0.00
1396038308.53, 16:25 on Mar 28 201465.7, 76, 30.13, 58, 0.00
1396041909.14, 17:25 on Mar 28 201464.6, 82, 30.11, 59, 0.00
1396045508.32, 18:25 on Mar 28 201460.4, 93, 30.13, 58, 0.00
1396049108.34, 19:25 on Mar 28 201459.6, 95, 30.15, 58, 0.00
1396052708.08, 20:25 on Mar 28 201459.1, 96, 30.14, 58, 0.00
1396056308.02, 21:25 on Mar 28 201458.8, 97, 30.13, 58, 0.00
1396093138.39, 07:38 on Mar 29 201456.9, 98, 30.03, 56, 0.02
1396096738.21, 08:38 on Mar 29 201457.4, 98, 30.02, 57, 0.02
1396100338.22, 09:38 on Mar 29 201458.2, 98, 29.99, 58, 0.02
1396103938.12, 10:38 on Mar 29 201459.3, 98, 30.00, 59, 0.04
1396107538.14, 11:38 on Mar 29 201459.9, 98, 29.95, 59, 0.00
1396111137.94, 12:38 on Mar 29 201461.2, 98, 29.91, 61, 0.01
1396184527.45, 09:02 on Mar 30 201442.0, 74, 29.73, 34, 0.00
1396188127.63, 10:02 on Mar 30 201442.7, 73, 29.75, 35, 0.00
1396191727.27, 11:02 on Mar 30 201442.8, 73, 29.78, 35, 0.00
1396195327.24, 12:02 on Mar 30 201442.8, 73, 29.78, 35, 0.00
1396198927.33, 13:02 on Mar 30 201442.8, 73, 29.79, 35, 0.00
1396202527.44, 14:02 on Mar 30 201442.8, 73, 29.78, 35, 0.00
1396206126.98, 15:02 on Mar 30 201442.8, 73, 29.77, 35, 0.00
1396209726.96, 16:02 on Mar 30 201442.8, 73, 29.78, 35, 0.00
1396213326.79, 17:02 on Mar 30 201452.6, 52, 29.79, 36, 0.00
1396216926.86, 18:02 on Mar 30 201451.6, 53, 29.82, 35, 0.00
1396220526.8, 19:02 on Mar 30 201451.6, 53, 29.86, 35, 0.00
1396224126.56, 20:02 on Mar 30 201450.1, 49, 29.88, 32, 0.00
1396227726.69, 21:02 on Mar 30 201447.7, 53, 29.90, 31, 0.00
1396231326.42, 22:02 on Mar 30 201447.6, 54, 29.91, 32, 0.00
1396234926.37, 23:02 on Mar 30 201446.6, 57, 29.92, 32, 0.00
1396238526.38, 00:02 on Mar 31 201445.8, 58, 29.94, 32, 0.00
1396242126.19, 01:02 on Mar 31 201445.3, 57, 29.95, 31, 0.00
1396245725.96, 02:02 on Mar 31 201444.8, 55, 29.96, 30, 0.00
1396249325.97, 03:02 on Mar 31 201443.0, 58, 29.96, 29, 0.00
1396252925.63, 04:02 on Mar 31 201442.0, 60, 29.97, 29, 0.00
1396256525.68, 05:02 on Mar 31 201441.7, 58, 29.99, 28, 0.00
1396260125.72, 06:02 on Mar 31 201441.7, 58, 30.01, 28, 0.00
1396263727.45, 07:02 on Mar 31 201443.3, 51, 30.04, 26, 0.00
1396268676.58, 08:24 on Mar 31 201447.0, 44, 30.06, 26, 0.00
1396272276.59, 09:24 on Mar 31 201450.5, 40, 30.06, 27, 0.00
1396275876.39, 10:24 on Mar 31 201456.6, 33, 30.08, 28, 0.00
1396279476.18, 11:24 on Mar 31 201460.3, 28, 30.09, 27, 0.00
1396283076.16, 12:24 on Mar 31 201464.9, 25, 30.10, 28, 0.00
1396286676.01, 13:24 on Mar 31 201468.2, 21, 30.09, 27, 0.00
1396290275.85, 14:24 on Mar 31 201469.8, 19, 30.07, 26, 0.00
1396293875.89, 15:24 on Mar 31 201472.6, 18, 30.07, 27, 0.00
1396297475.87, 16:24 on Mar 31 201474.2, 18, 30.05, 28, 0.00
1396301075.84, 17:24 on Mar 31 201474.6, 17, 30.05, 27, 0.00
1396304675.73, 18:24 on Mar 31 201470.4, 21, 30.05, 29, 0.00
1396308280.97, 19:24 on Mar 31 201466.2, 27, 30.05, 31, 0.00
1396311875.66, 20:24 on Mar 31 201461.2, 36, 30.06, 34, 0.00
1396315475.48, 21:24 on Mar 31 201457.2, 43, 30.08, 35, 0.00
1396319075.5, 22:24 on Mar 31 201453.9, 51, 30.08, 36, 0.00
1396322675.3, 23:24 on Mar 31 201451.3, 58, 30.09, 37, 0.00
1396326275.23, 00:24 on Apr 01 201448.7, 63, 30.10, 37, 0.00
1396329875.01, 01:24 on Apr 01 201447.3, 65, 30.11, 36, 0.00
1396333474.97, 02:24 on Apr 01 201445.9, 69, 30.10, 36, 0.00
1396337074.88, 03:24 on Apr 01 201443.4, 78, 30.09, 37, 0.00
1396340674.87, 04:24 on Apr 01 201441.4, 83, 30.09, 37, 0.00
1396344274.69, 05:24 on Apr 01 201441.9, 84, 30.09, 37, 0.00
1396347876.06, 06:24 on Apr 01 201442.0, 85, 30.10, 38, 0.00
1396351474.52, 07:24 on Apr 01 201441.5, 86, 30.12, 38, 0.00
1396355074.51, 08:24 on Apr 01 201444.4, 82, 30.12, 39, 0.00
1396358674.56, 09:24 on Apr 01 201452.0, 63, 30.15, 40, 0.00
1396362274.62, 10:24 on Apr 01 201465.0, 37, 30.15, 38, 0.00
1396365874.33, 11:24 on Apr 01 201470.5, 30, 30.14, 38, 0.00
1396369473.79, 12:24 on Apr 01 201475.4, 20, 30.12, 32, 0.00
1396373073.77, 13:24 on Apr 01 201477.7, 21, 30.09, 35, 0.00
1396376673.9, 14:24 on Apr 01 201475.7, 21, 30.07, 33, 0.00
1396380273.88, 15:24 on Apr 01 201480.2, 21, 30.05, 37, 0.00
1396383874.13, 16:24 on Apr 01 201482.1, 20, 30.02, 37, 0.00
1396387474.04, 17:24 on Apr 01 201483.1, 19, 30.00, 36, 0.00
1396391073.64, 18:24 on Apr 01 201480.1, 21, 30.00, 37, 0.00
1396394673.65, 19:24 on Apr 01 201475.4, 24, 30.01, 36, 0.00
1396398273.4, 20:24 on Apr 01 201469.7, 30, 30.02, 37, 0.00
1396401874.4, 21:24 on Apr 01 201466.9, 34, 30.03, 38, 0.00
1396405473.31, 22:24 on Apr 01 201463.8, 38, 30.04, 38, 0.00
1396409073.22, 23:24 on Apr 01 201461.2, 44, 30.04, 39, 0.00
1396412673.22, 00:24 on Apr 02 201459.1, 46, 30.05, 38, 0.00
1396416273.12, 01:24 on Apr 02 201458.1, 47, 30.05, 38, 0.00
1396419872.69, 02:24 on Apr 02 201457.4, 47, 30.05, 37, 0.00
1396423472.73, 03:24 on Apr 02 201455.0, 54, 30.04, 39, 0.00
1396427072.65, 04:24 on Apr 02 201453.1, 58, 30.04, 39, 0.00
1396430673.19, 05:24 on Apr 02 201452.5, 59, 30.02, 39, 0.00
1396434272.63, 06:24 on Apr 02 201452.0, 60, 30.02, 38, 0.00
1396437873.33, 07:24 on Apr 02 201451.9, 61, 30.04, 39, 0.00
1396441472.53, 08:24 on Apr 02 201454.9, 58, 30.04, 40, 0.00
1396445072.44, 09:24 on Apr 02 201462.5, 50, 30.07, 44, 0.00
1396448672.21, 10:24 on Apr 02 201472.4, 38, 30.08, 45, 0.00
1396452271.95, 11:24 on Apr 02 201478.0, 34, 30.08, 47, 0.00
1396455871.91, 12:24 on Apr 02 201484.3, 28, 30.08, 48, 0.00
1396459471.79, 13:24 on Apr 02 201486.9, 24, 30.06, 46, 0.00
1396463071.72, 14:24 on Apr 02 201488.4, 19, 30.04, 41, 0.00
1396466671.84, 15:24 on Apr 02 201488.7, 19, 30.01, 41, 0.00
1396470271.58, 16:24 on Apr 02 201489.0, 18, 29.99, 40, 0.00
1396473871.5, 17:24 on Apr 02 201488.6, 17, 29.98, 38, 0.00
1396477471.88, 18:24 on Apr 02 201485.8, 19, 29.98, 39, 0.00
1396481071.81, 19:24 on Apr 02 201480.8, 24, 29.98, 41, 0.00
1396484671.77, 20:24 on Apr 02 201475.4, 30, 29.99, 42, 0.00
1396488271.71, 21:24 on Apr 02 201472.6, 35, 30.00, 43, 0.00
1396491871.42, 22:24 on Apr 02 201470.1, 38, 30.01, 43, 0.00
1396495471.43, 23:24 on Apr 02 201467.4, 42, 30.02, 44, 0.00
1396499071.26, 00:24 on Apr 03 201465.1, 46, 30.02, 44, 0.00
1396502671.27, 01:24 on Apr 03 201462.9, 49, 30.02, 43, 0.00
1396506271.12, 02:24 on Apr 03 201461.3, 52, 30.01, 44, 0.00
1396509873.15, 03:24 on Apr 03 201459.3, 56, 30.01, 44, 0.00
1396513471.57, 04:24 on Apr 03 201456.3, 64, 30.00, 44, 0.00
1396517070.77, 05:24 on Apr 03 201453.2, 71, 30.00, 44, 0.00
1396520670.79, 06:24 on Apr 03 201452.0, 75, 29.99, 44, 0.00
1396524270.64, 07:24 on Apr 03 201450.7, 77, 30.02, 44, 0.00
1396527870.72, 08:24 on Apr 03 201453.0, 75, 30.04, 45, 0.00
1396531470.91, 09:24 on Apr 03 201456.3, 73, 30.08, 48, 0.00
1396535070.37, 10:24 on Apr 03 201461.8, 64, 30.08, 50, 0.00
1396538670.54, 11:24 on Apr 03 201464.7, 58, 30.06, 50, 0.00
1396542270.4, 12:24 on Apr 03 201465.7, 57, 30.08, 50, 0.00
1396545870.19, 13:24 on Apr 03 201470.0, 52, 30.03, 52, 0.00
1396549470.12, 14:24 on Apr 03 201473.3, 47, 30.02, 52, 0.00
1396553070.19, 15:24 on Apr 03 201477.9, 42, 29.98, 53, 0.00
1396556671.07, 16:24 on Apr 03 201478.3, 43, 29.95, 54, 0.00
1396560270.18, 17:24 on Apr 03 201478.3, 41, 29.94, 53, 0.00
1396563869.8, 18:24 on Apr 03 201476.9, 43, 29.92, 53, 0.00
1396567469.95, 19:24 on Apr 03 201474.7, 47, 29.92, 53, 0.00
1396571069.86, 20:24 on Apr 03 201469.7, 56, 29.91, 53, 0.00
1396574669.78, 21:24 on Apr 03 201466.2, 65, 29.91, 54, 0.00
1396578269.76, 22:24 on Apr 03 201463.1, 70, 29.91, 53, 0.00
1396581869.54, 23:24 on Apr 03 201462.4, 73, 29.91, 54, 0.00
1396585469.38, 00:24 on Apr 04 2014Error getting temperature., 45, 29.90, 45, Error getting percipitaion.
1396589074.07, 01:24 on Apr 04 201462.0, 66, 29.89, 50, 0.00
1396592669.12, 02:24 on Apr 04 201461.2, 68, 29.89, 50, 0.00
1396596270.0, 03:24 on Apr 04 201458.8, 73, 29.89, 50, 0.00
1396599868.98, 04:24 on Apr 04 201458.2, 74, 29.88, 50, 0.00
1396603468.91, 05:24 on Apr 04 201457.8, 73, 29.86, 49, 0.00
1396607068.81, 06:24 on Apr 04 201456.7, 75, 29.85, 49, 0.00
1396610669.04, 07:24 on Apr 04 201457.2, 80, 29.86, 51, 0.00
1396614268.72, 08:24 on Apr 04 201461.5, 77, 29.87, 54, 0.00
1396617868.53, 09:24 on Apr 04 201464.2, 73, 29.88, 55, 0.00
1396621468.52, 10:24 on Apr 04 201466.2, 72, 29.87, 57, 0.00
1396625068.39, 11:24 on Apr 04 201471.1, 62, 29.87, 57, 0.00
1396628668.01, 12:24 on Apr 04 201472.9, 58, 29.87, 57, 0.00
1396632267.91, 13:24 on Apr 04 201477.2, 45, 29.85, 54, 0.00
1396635867.8, 14:24 on Apr 04 201479.2, 38, 29.82, 51, 0.00
1396639467.75, 15:24 on Apr 04 201481.5, 33, 29.79, 50, 0.00
1396643067.81, 16:24 on Apr 04 201484.2, 36, 29.78, 54, 0.00
1396646668.01, 17:24 on Apr 04 201481.9, 43, 29.76, 57, 0.00
1396650273.24, 18:24 on Apr 04 201478.2, 49, 29.74, 58, 0.00
1396653867.99, 19:24 on Apr 04 201476.3, 54, 29.74, 58, 0.00
1396657468.0, 20:24 on Apr 04 201474.8, 57, 29.74, 58, 0.00
1396661067.69, 21:24 on Apr 04 201473.5, 59, 29.74, 58, 0.00
1396664667.71, 22:24 on Apr 04 201473.9, 57, 29.75, 58, 0.00
1396668267.73, 23:24 on Apr 04 201472.9, 59, 29.76, 58, 0.00
1396671867.39, 00:24 on Apr 05 201472.9, 56, 29.78, 56, 0.00
1396675467.77, 01:24 on Apr 05 201470.6, 56, 29.79, 54, 0.00
1396679068.16, 02:24 on Apr 05 201467.1, 59, 29.81, 52, 0.00
1396682667.28, 03:24 on Apr 05 201463.4, 63, 29.81, 51, 0.00
1396686267.13, 04:24 on Apr 05 201460.3, 67, 29.82, 49, 0.00
1396689867.22, 05:24 on Apr 05 201458.5, 70, 29.83, 49, 0.00
1396693467.17, 06:24 on Apr 05 201457.3, 71, 29.86, 48, 0.00
1396697066.92, 07:24 on Apr 05 201457.7, 65, 29.89, 46, 0.00
1396700666.99, 08:24 on Apr 05 201459.8, 56, 29.92, 44, 0.00
1396704266.92, 09:24 on Apr 05 201459.8, 50, 29.94, 41, 0.00
1396719433.57, 13:37 on Apr 05 201469.9, 29, 29.97, 36, 0.00
1396724468.21, 15:01 on Apr 05 201471.5, 28, 29.95, 37, 0.00
1396729824.46, 16:30 on Apr 05 201472.6, 24, 29.94, 34, 0.00
1396785558.31, 07:59 on Apr 06 201445.4, 58, 30.20, 32, 0.00
1396789128.93, 08:58 on Apr 06 201447.3, 48, 30.20, 29, 0.00
1396796481.0, 11:01 on Apr 06 201452.5, 38, 30.20, 28, 0.00
1396817567.23, 16:52 on Apr 06 201460.4, 39, 30.14, 35, 0.00
1396823599.53, 18:33 on Apr 06 201459.0, 41, 30.15, 35, 0.00
1396884766.46, 11:32 on Apr 07 201442.5, 97, 29.92, 42, 0.23
1396903543.22, 16:45 on Apr 07 201453.2, 97, 29.85, 52, 0.00
1396920301.62, 21:25 on Apr 07 201457.4, 98, 29.73, 57, 0.00
1396956496.9, 07:28 on Apr 08 201461.3, 98, 29.60, 61, 0.00
1397001722.28, 20:02 on Apr 08 201462.4, 51, 29.63, 44, 0.00
1397080819.45, 18:00 on Apr 09 201465.0, 44, 29.91, 42, 0.00
1397127786.45, 07:03 on Apr 10 201442.1, 91, 30.22, 40, 0.00
